run_number,label
391548,good
391549,good
391550,good
391551,good
391560,good
391565,good
391572,good
391580,good
391600,good
391601,good
391602,good
391604,good
391658,good
391668,good
391670,good
391671,good
391673,good
391674,good
391675,good
391676,good
391677,good
391678,good
391679,good
391682,good
391683,good
391684,good
391685,good
391686,good
391687,good
391688,good
391698,good
391699,good
391700,good
391787,good
391825,good
391826,good
391869,good
391870,good
391871,good
391873,good
391874,good
391883,good
391884,good
391906,good
391908,good
391909,good
391910,good
391912,good
391949,good
391950,good
391951,good
391952,good
391953,good
392030,good
392046,good
392052,good
392067,good
392071,good
392077,good
392086,good
392088,good
392089,good
392090,good
392091,good
392092,good
392094,good
392109,good
392112,good
392174,good
392175,good
392194,good
392196,good
392197,good
392203,good
392204,good
392205,good
392206,good
392207,good
392219,good
392220,good
392221,good
392250,good
392251,good
392293,good
392294,good
392295,good
392296,good
392301,good
392344,good
392358,good
392359,good
392360,good
392361,good
392362,good
392363,good
392382,good
392431,good
392432,good
392440,good
392441,good
392442,good
392472,good
392473,good
392476,good
392477,good
392516,good
392517,good
392523,good
392524,good
392526,good
392538,good
392540,good
392541,good
392542,good
392633,good
392634,good
392635,good
392642,good
392668,good
392669,good
392672,good
392673,good
392674,good
392676,good
392700,good
392701,good
392702,good
392705,good
392710,good
392731,good
392732,good
392733,good
392751,good
392787,good
392925,good
392959,good
392991,good
392992,good
392993,good
392997,good
393015,good
393071,good
393085,good
393086,good
393087,good
393111,good
393125,good
393126,good
393127,good
393128,good
393129,good
393147,good
393168,good
393169,good
393171,good
393235,good
393240,good
393273,good
393274,good
393275,good
393276,good
393331,good
393346,good
393347,good
393375,good
393376,good
393377,good
393378,good
393407,good
393445,good
393446,good
393447,good
393448,good
393461,good
393509,good
393510,good
393511,good
393512,good
393513,good
393514,good
393515,good
393516,good
394393,good
394402,good
394412,good
394537,good
394541,good
394568,good
394570,good
394571,good
394576,good
394582,good
394586,good
394587,good
394592,good
394596,good
394611,good
394612,good
394618,good
394630,good
394631,good
394637,good
394657,good
394658,good
394663,good
394669,good
394673,good
394677,good
394678,good
394700,good
394701,good
394702,good
394725,good
394726,good
394727,good
394753,good
394754,good
394776,good
394789,good
394796,good
394815,good
394816,good
394818,good
394819,good
394820,good
394860,good
394861,good
394862,good
394886,good
394959,good
394986,good
394987,good
394991,good
394992,good
394993,good
394994,good
394995,good
395012,good
395013,good
395014,good
395031,good
395032,good
395040,good
395041,good
395042,good
395097,good
395098,good
395103,good
395105,good
395106,good
395107,good
395108,good
395147,good
395148,good
395149,good
395172,good
395186,good
395187,good
395188,good
395189,good
395224,good
395237,good
395239,good
395342,good
395345,good
395357,good
395358,good
395366,good
395367,good
395368,good
395369,good
395371,good
395372,good
395373,good
395392,good
395424,good
395425,good
395426,good
395428,good
395429,good
395430,good
395431,good
395444,good
395445,good
395465,good
395497,good
395505,good
395507,good
395508,good
395509,good
395513,good
395517,good
395518,good
395519,good
395521,good
395522,good
395523,good
395524,good
395525,good
395549,good
395550,good
395551,good
395552,good
395601,good
395602,good
395603,good
395604,good
395606,good
395607,good
395608,good
395616,good
395622,good
395639,good
395640,good
395641,good
395647,good
395648,good
395649,good
395650,good
395670,good
395708,good
395709,good
395711,bad_ambiguous
395713,bad_ambiguous
395718,bad_ambiguous
395719,bad_ambiguous
395720,bad_ambiguous
395722,bad_ambiguous
395723,bad_ambiguous
395726,bad_ambiguous
395729,good
395730,good
395747,good
395748,good
395749,good
395750,good
395758,good
395759,good
395760,good
395761,good
395762,good
395773,good
395783,good
395798,good
395799,good
395800,bad_ambiguous
395801,good
395802,good
395810,good
395815,good
395816,good
395817,good
395876,good
395889,good
395893,good
395894,good
395895,good
395896,good
395897,good
395899,good
395900,good
395922,good
395923,good
395924,good
395925,good
395926,good
395939,good
395947,good
395948,good
395982,good
395984,good
395986,good
395987,good
396008,good
396009,good
396019,good
396021,good
396057,good
396058,good
396095,good
396096,good
396102,good
396127,good
396134,good
396135,good
396148,good
396149,bad_well_known
396151,good
396152,good
396153,bad_well_known
396154,good
396155,good
396156,good
396157,good
396158,good
396177,good
396178,good
396180,good
396185,good
396191,good
396216,good
396222,good
396225,good
396226,good
396227,good
396228,good
396243,good
396258,good
396260,good
396261,good
396281,good
396282,good
396283,good
396284,good
396309,good
396319,good
396320,good
396334,bad_well_known
396335,good
396336,good
396337,good
396356,good
396372,good
396390,good
396393,good
396394,good
396395,good
396396,good
396397,good
396398,good
396399,good
396404,good
396405,good
396421,good
396422,good
396629,good
396697,good
396701,good
396705,good
396706,good
396707,good
396708,good
396725,good
396726,good
396727,good
396733,good
396735,good
396752,good
396754,good
396755,good
396757,good
396758,good
396759,good
396760,good
396761,good
396762,good
396763,good
396773,good
396804,good
396805,good
396818,good
396819,good
396826,good
396842,good
396843,good
396844,good
396845,good
396847,good
396848,good
396849,good
396850,good
396864,good
396870,good
396871,good
396872,good
396890,good
396891,good
396892,good
396893,good
396952,good
396960,good
396961,good
396962,good
396963,good
396964,good
396965,good
396988,good
396999,good
397021,good
397026,good
397031,good
397032,good
397033,good
397049,good
397050,good
397051,good
397052,good
397096,good
397097,good
397098,good
397106,good
397186,good
397187,good
397188,good
397189,good
397190,good
397191,good
397192,good
397206,good
397207,good
397208,good
397209,good
397226,good
397227,good
397243,good
397246,good
397249,good
397253,good
397254,good
397255,good
397258,good
397259,good
397260,good
397261,good
397262,good
397286,good
397292,good
397293,good
397294,good
397296,good
397332,good
397346,good
397347,good
397348,good
397368,good
397370,good
397371,good
397373,good
397377,good
397383,good
397384,good
397411,good
397412,good
397413,good
397414,good
397432,good
397445,bad_well_known
397446,bad_well_known
397447,bad_well_known
397448,good
397449,good
397450,good
397451,good
397452,good
397453,good
397456,good
397457,good
397489,good
397490,good
397491,good
397492,good
397501,good
397502,good
397503,good
397527,good
397528,good
397529,good
397530,good
397531,good
397532,good
397548,good
397568,good
397569,good
397574,good
397580,good
397594,good
397595,good
397596,good
397619,good
397620,good
397621,good
397622,good
397638,good
397700,good
397701,good
397702,good
397703,good
397704,good
397709,good
397710,good
397711,good
397712,good
397725,good
397726,good
397727,good
397728,good
397729,good
397763,good
397764,good
397765,bad_well_known
397767,bad_well_known
397768,good
397776,good
397777,good
397778,good
397779,good
397780,good
397791,good
397792,good
397793,good
397794,good
397796,good
397813,good
397814,good
397815,good
397816,good
397817,good
397853,good
397954,good
397962,good
398011,good
398012,good
398013,good
398014,good
398015,good
398016,good
398021,good
398022,good
398023,good
398027,good
398039,good
398040,good
398074,good
398075,good
398076,good
398077,good
398079,good
398080,good
398081,good
398082,good
398084,good
398086,good
398088,good
398104,good
398121,good
398122,good
398123,good
398124,good
398138,good
398139,good
398140,good
398143,good
398144,good
398167,good
398178,good
398183,good
398184,good
398185,good
398188,good
398189,good
398191,good
398203,good
398204,good
398208,good
398227,good
398240,good
398288,good
398289,good
398293,good
398308,good
398309,good
398310,good
398315,good
398335,good
398336,good
398337,good
398347,good
398348,good
398365,good
398366,good
398367,good
398368,good
398390,good
398391,good
398394,good
398395,good
398396,good
398415,good
398416,good
398419,good
398420,good
398421,good
398427,good
398428,good
398453,good
398458,good
398459,good
398460,good
398465,good
398515,good
398516,good
398517,good
398538,good
398539,good
398540,good
398541,good
398547,good
398548,good
398549,good
398558,good
398593,good
398594,good
398595,good
398600,good
398615,good
398622,good
398623,good
398624,good
398626,good
398627,good
398628,good
398631,good
398647,good
398648,good
398649,good
398650,good
398674,good
398675,good
398680,good
398681,good
398682,good
398683,good
398787,good
398797,good
398801,good
398802,good
398803,good
398827,good
398828,good
398858,good
398859,good
398860,good
398902,good
398903,good
